fqcn	estrato	chars	tok_o200k	tok_anth
star.common.Simulation.SimulationAttachProvider	S1	745	121	123
star.speed.builder.SpeedCreateMagnetCoordinateSystems	S1	1436	263	272
star.tcsimconnect.Version_2412	S1	1298	258	276
star.cadmodeler.vis.SnapHandler.SnapResult	S1	1557	296	312
star.starcad2.ScUnitsManager.ScUnits	S1	1404	258	276
star.common.ViewNotifier.ViewNotifyReceiver	S1	1568	278	295
star.modelselector.ui.ComponentNames	S1	1093	197	211
star.starcad2.ValueWithUnit	S1	1092	203	214
star.speed.parser.GDFGoferModel	S1	1120	227	238
star.mdx.MdxSceneUtils	S1	1110	218	225
star.base.neo.FJTaskRunnerGroup.InvokableFJTask	S1	2069	416	451
star.coremodule.ui.outlineeditor.ProxiedNodesChangeListener	S1	905	180	194
star.speed.builder.SpeedGetNPoles	S1	974	208	204
star.starcadbatch.common.filesystem.Utils	S1	984	174	182
star.base.report.SampleSetStartEventWatcher	S1	1026	189	198
star.quickobjects.ui.QuickEditPrismValuesPane.MyActionListener	S1	1288	231	256
star.vis.datafocus.ui.SelectDisplayerDropdownAction	S1	2159	390	432
star.speed.builder.SpeedUniteCageBodies	S1	1515	323	363
star.vis.SceneProvider	S1	718	127	129
star.cae.common.CaeDataImporter	S1	2054	381	425
star.cadmodeler.CadObjectNeoProperty	S1	1949	412	436
star.coremodule.ui.plotsetup.TabPanel.TabPanelSerializer	S1	2256	371	402
star.screenplay.ScreenplaySelectorDescriptor.Builder	S1	2000	326	351
star.flow.MomentReport.MomentReportPrinter	S1	2172	409	428
star.common.Selectable.SelectedNotifier	S1	1343	229	246
star.meshing.GenericRelativeSize	S1	1242	215	222
star.common.actions.CellSetBooleanAction	S1	542	94	97
star.cadmodeler.vis.BodyGroupBeanSelectHandler	S1	1067	212	224
star.cosimulation.link.common.IndexedOption	S1	536	88	96
star.mdx.MdxDataTypeValidator	S1	697	139	135
star.speed.builder.SpeedCreateExcitationCoil3DSketchesForSkew	S1	2118	549	559
star.cosimulation.link.oneway.CgnsExternalFile.CgnsFileFilter	S1	1271	257	272
star.common.graph.PlotStyleInfoTablesDisplay.MasterKeysTableModelListener	S1	1163	212	225
star.cosimulation.libraries.fmi.FmiImporter	S1	1594	290	320
star.common.SimulationsChangedNotifier	S1	1803	300	310
star.vis.scenegraph.SsgProcessor.CompletableRunnable	S1	1376	236	260
star.base.neo.SerializableEnum	S1	2115	402	420
star.common.PartsProvider	S1	1569	270	283
star.base.query.QueryEditorContext.Builder	S1	2133	365	396
star.speed.builder.SpeedSetEccentricity	S1	1682	402	415
star.fea.common.solvers.EigenSolverFrequencySelectionProvider	S1	738	115	123
star.coremodule.ui.StarPropertySheet.SheetNodesListener	S1	2067	393	453
star.cadmodeler.ui.ContactCommands	S1	2064	424	440
star.speed.builder.SpeedRemovePointContactsV2	S1	1114	213	222
star.vis.ui.VisTransformNode.NewTransformType	S1	1814	345	394
star.energy.TumbleAndSwirlReport.TumbleAndSwirlReportPrinter	S1	1809	363	385
star.common.ShowDependenciesMenuCustomizer	S1	2279	406	454
star.starcad2.VectorWithUnit	S1	1123	209	220
star.sixdof.DistanceReportBase.DistanceReportBasePrinter	S1	1661	302	318
star.common.CompositePart.CompositePartAssemblyInfo	S1	1691	281	304
star.common.NotifyObject	S1	1246	213	222
star.base.neo.FJTask.Par	S1	2065	454	472
star.cadmodeler.ExportGlobalParametersUtility	S1	1463	242	247
star.circuit.ui.CircuitGUIEditorWebView.OnCommit	S1	1012	186	197
star.speed.parser.GDFGoferArmatureSlot	S1	1972	465	480
star.base.report.DerivedMonitorData	S1	1682	301	324
star.base.neo.NeoJournalObjectArg	S1	1375	249	275
star.base.neo.NeoJournableArgument	S1	1005	180	190
star.speed.parser.GDFWinding	S1	1342	318	329
star.vis.StringIndexedColorManager	S1	1113	189	197
star.common.graph.LegacyPlotWarningPrinter	S1	1067	188	196
star.speed.builder.SpeedScanRotorFieldWindings	S1	1246	242	261
star.vis.AxesObject	S1	2113	421	436
star.base.neo.ForwardSshTunnel	S1	2179	432	431
star.coremodule.ui.ObjectManagerCheckBoxPanel.EnableDisableListener	S1	1586	284	285
star.common.filters.OrPredicate	S1	1820	323	353
star.speed.builder.SpeedGetSimulationDomain	S1	1014	177	187
star.common.GridDataProvider	S1	524	89	95
star.common.AssignedToBoundary	S1	1695	296	313
star.coremodule.ui.RemoteFileView	S1	1707	326	355
star.speed.builder.SpeedSymmetrySketches	S1	1182	235	245
star.common.RegionChangedNotifier.NotifierReceiver	S1	2336	401	412
star.plaf.LafUtils	S1	1110	203	213
star.coremodule.objectselector.ViewModel	S1	1170	196	217
star.lagrangian.dem.DemMomentReport.DemMomentReportPrinter	S1	2220	430	446
star.fea.metrics.FeIntegralReportTestingUtils.TensorPolynomialComponentFunction	S1	2012	359	374
star.coremodule.logging.StarErrorManager.OutOfMemoryExceptionFilter	S1	1288	231	245
star.common.OrderableOversetRegionListPropertyEditor.RegionListCellRenderer	S1	1711	317	315
star.meshing.ui.PickPointCoordinateEditorPanel.buttonIcon	S1	1520	296	309
star.cadmodeler.ui.CadQuantityInputValidator	S1	571	100	99
star.common.ContactInterface	S2	3884	783	833
star.electrochemicalspecies.ElectrochemicalSpeciesSolverOption.Type	S2	3697	670	707
star.common.ImplicitExplicitIntegration	S2	3433	609	648
star.cosimulation.link.common.DataTransferTimeRangeOption.Type	S2	4016	732	818
star.combustion.ppdftable.ui.PpdfBlockingTableOperation	S2	3108	585	619
star.solidstress.FeSolidStressPlotableMonitorEditor	S2	3281	612	667
star.vis.ColorPalettePropertyEditor.CustomColorPaletteEditorWrapper	S2	2949	533	561
star.cadmodeler.Extrusion.ExtrusionOption	S2	4029	793	854
star.common.XYPlotTransferHandler	S2	2600	467	492
star.cadmodeler.ui.ModelReImportLayoutViewHandler.MouseClick	S2	2783	523	553
star.coremodule.utils.FastIndexingList	S2	2826	602	627
star.common.actions.CellSetAddAction	S2	4024	771	906
star.coremodule.actions.SceneDependentAction	S2	3917	716	843
star.quickobjects.ui.QuickSelectionWidgetPanel.WidgetPanelSelectionOrder	S2	2860	511	541
star.battery.cellproperty.electrolyte.SolventVolumeFraction	S2	4039	835	883
star.cosimulation.fmi.Fmi2CoSimulationAgent	S2	4057	859	910
star.coremodule.objectselector.ModelDescriptor.SelectionType	S2	3825	672	714
star.common.AxisTitlePlacement.AxisTitlePlacementKeys	S2	2609	469	497
star.topologyoptimization.ConstraintTypeEditor	S2	3160	571	617
star.quickobjects.vis.QuickSceneDrawableItemHighlightHandler	S2	2569	432	489
star.sweptmesher.DMGrowthRateOption.Type	S2	3475	648	694
star.cadmodeler.Sweep.Alignment	S2	3604	648	704
star.meshing.PartsSurfaceProximityOption.Type	S2	3677	672	711
star.meshing.CustomizeTetPolyDensityOption.Type	S2	3567	649	698
star.sweptmesher.DMCurvatureOption.Type	S2	3558	685	733
star.meshing.ui.CustomMeshControlSelectPartCurvesPanel.PartCurveSelectHandler	S2	2583	488	507
star.cadmodeler.AssemblyAnchor3DConstraint	S2	3589	723	746
star.coremodule.actions.LayoutVertical_2_2_Action	S2	3643	705	840
star.combustion.SootNucleationOption.Type	S2	3536	715	753
star.common.Axis.RangeMode	S2	3702	683	722
star.meshing.geometryrepair.ui.GeometryRepairWidgetSelectButtons	S2	2676	490	571
star.common.actions.MapTransientDataAction.ApplyOperation	S2	2774	499	528
star.base.report.PeriodicReportType	S2	3791	781	829
star.cae.actions.ImportCaeOperation	S2	3831	710	761
star.common.GmresSettings	S2	2870	585	600
star.cadmodeler.DeleteBodyFeature.DeleteBodyFeatureType	S2	3646	658	693
star.base.query.Query.Modifier	S2	2440	455	474
star.common.ui.DecoratedIcon	S2	2665	543	586
star.mdx.ui.dialogs.plotsetup.dscfg.MdxStudyXyDataSeriesConfig	S2	3163	655	702
star.common.XYPlotStyleDefaultsBase	S2	2966	580	609
star.common.expression.ExpressionParser.TernaryContext	S2	2896	582	676
star.vis.SceneBase.SceneType	S2	2728	532	589
star.common.LicenseRank.LicenseRankValue	S2	3719	713	828
star.common.MonitorEditor	S2	3042	554	601
star.common.graph.ReportMonitorPartGroupSubset	S2	4112	838	888
star.common.PointType	S2	3773	771	820
star.vis.PartColorSettings.ColorMode	S2	3879	729	781
star.vis.SelectionLoopInteractor	S2	3558	660	730
star.battery.HeatFlowTypeOption	S2	3342	642	665
star.common.ui.GeometryPartNode.PartTypes	S2	3404	621	664
star.starcadbatch.common.CadVersions	S2	2871	585	649
star.sixdof.vis.GlyphLengthAbsolute	S2	2924	590	634
star.mdx.ui.MdxBisectCriterionManagerNode.MdxCreateBisectCriterionAction	S2	4099	799	951
star.coremodule.actions.WorkflowOperationBase	S2	3820	678	716
star.meshing.ui.SurfaceMeshWidgetSetsButtons.SubsetRecallSelectAction	S2	3086	582	640
star.extruder.SurfaceExtruderOperation.GridTypeOption	S2	3626	667	717
star.common.StarImage	S2	3406	644	693
star.fea.properties.GeometricPropertyEditor	S2	3722	682	735
star.cadmodeler.ui.SketchChamferDialog	S2	2520	484	527
star.vof.VofWaveOrder.Type	S2	3655	727	768
star.battery.cellproperty.properties.BCP_Fraction	S2	4042	834	883
star.meshing.PartsMinimumSurfaceSizeOption.Type	S2	3567	649	683
star.lagrangian.SourceSmoothingMethodEditor	S2	3774	697	748
star.electromagnetism.common.ExcitationCoilVoltageSourceOption.Type	S2	3689	698	739
star.vis.PlotSelectionEditor	S2	3095	568	615
star.material.MaterialDataBasePathEditor	S2	3158	580	628
star.solidstress.NeoHookeanModelOption	S2	3488	672	761
star.cosimulation.common.CoSimStencilOption.Type	S2	3696	696	762
star.common.expression.ExpressionParser.FilterContext	S2	2905	615	732
star.lagrangian.dem.LagrangianPassiveScalarMaterialEditor1	S2	3977	741	791
star.passivescalar.WallPassiveScalarFluxDerivativeOption.Type	S2	3704	664	721
star.turbulence.TurbulentVelocityScaleOption.Type	S2	3643	685	728
star.base.neo.groupby.GroupByCategoryOption	S2	2808	538	560
star.solidstress.NormalModesSolverAlgorithm	S2	3344	618	640
star.solidstress.OgdenModelOption	S2	3611	723	744
star.common.BatchStartupAndFinish.BatchErrorManager	S2	2515	472	535
star.solidstress.Wedge6ElementSetting.ANSType	S2	3457	675	697
star.cosimulation.common.ui.CreateCoupledPhaseAction	S2	3870	737	872
star.coremodule.ui.CheckBoxList.BoxState	S2	2503	478	512
star.common.PeriodicityOption.Type	S2	3591	660	699
star.common.MonitorIterationStoppingCriterionMaxLimitType	S3	4827	947	1010
star.rsturb.EbRsTurbC2eOption	S3	5166	1126	1209
star.amr.actions.AmrRefineAllAction	S3	4562	887	1028
star.lagrangian.dem.CoarseGrainParticleModel	S3	5363	1094	1160
star.cadmodeler.ui.TransformCommonNodeAction	S3	4571	865	1015
star.common.PorousPhaseManager	S3	5334	1099	1154
star.battery.cellproperty.models.electrolyte.transportnum.GeneralElectrolyteTransportNumPolynomial	S3	5530	1264	1315
star.cadmodeler.ui.CheckSketchValidityAction	S3	6131	1165	1321
star.electrochemicalspecies.ElectrochemicalSpeciesArrayProfile	S3	4663	923	972
star.reactions.ui.ThirdBodyCoefficientDataBaseMaterialNode	S3	5879	1195	1347
star.coremodule.actions.SelectAllAction	S3	4664	865	999
star.vis.ui.LayoutViewUpdateNode	S3	6116	1238	1384
star.starcad2.StarCadBodyGroup	S3	4686	980	1032
star.combustion.tfm.EfficiencyFactorMultiplierProfile	S3	4351	877	938
star.electroniccooling.RadialFanPhysicsValues	S3	4892	1009	1057
star.common.EulerianPhaseManager	S3	5294	1081	1135
star.quickobjects.SurfaceEmissivity	S3	4665	957	1008
star.cadmodeler.ui.ShowOnlyBodiesActionBase	S3	6145	1173	1335
star.combustion.ui.PulseActivatorNode	S3	5780	1175	1345
star.common.AnisotropicTensorProfileMethod	S3	5409	1068	1121
star.coremodule.actions.TranslatePartsAction	S3	4501	816	957
star.material.OrthotropicMaterialPropertyMethod	S3	4639	904	980
star.base.report.StatisticManager	S3	5185	1040	1108
star.battery.actions.CellReportToFileAction	S3	5318	993	1133
star.bodyfittedmesher.SurfaceElementOption	S3	6037	1201	1275
star.mdx.MdxDesignDataSourceManager	S3	6460	1320	1334
star.base.report.MonitorDerivedDataGroup	S3	5519	1115	1179
star.viscous.StructureVariableProfile	S3	4230	861	903
star.solidstress.CompositeDisplacementProfileMethod	S3	5609	1138	1192
star.common.OversetMeshRepresentation	S3	5610	1096	1155
star.cadmodeler.ui.ReferenceCoordinateSystemFromPointAndPlaneActionBase	S3	5859	1101	1259
star.lagrangian.dem.LiquidComponentTransferVolumeWeightedMethod	S3	5657	1093	1158
star.acoustics.FwhSurface	S3	5912	1195	1262
star.material.DataBaseGas	S3	5820	1183	1241
star.reactions.GenericReactionEquilibriumConstantMethod	S3	5156	1011	1058
star.timefreqcoupling.ui.TrackPointGeneratorNode	S3	5926	1196	1346
star.mapping.ui.ClearMappedFieldsAction	S3	4378	791	938
star.emp.ui.SgammaCoalescenceModelNode	S3	5690	1187	1332
star.multiphase.FilmInteractionModel	S3	4768	966	1025
star.energy.InteractionAreaDensityProfile	S3	4299	866	919
star.screenplay.operations.fieldfunction.ScalarFieldFunctionKeyframe	S3	4980	1012	1062
star.combustion.UserMicroMixingScaleMethod	S3	5105	1044	1092
star.electromagnetism.electricpotential.ui.PolarizationButlerVolmerMaterialPropertyMethodNode	S3	6319	1287	1428
star.combustion.tablegenerators.ui.TableEmissionsNode	S3	5730	1179	1318
star.refprop.RefpropMixtureSpecificHeatMethod	S3	4402	894	946
star.morpher.ui.SurfaceSensitivitySolverNode	S3	5645	1141	1282
star.lagrangian.dem.ui.RollingResistanceMethodNode	S3	5566	1131	1283
star.morpher.MorpherSkewnessCriterion	S3	4605	947	1008
star.starice.PistonCreviceVolumeControl	S3	6245	1314	1398
star.meshing.actions.SplitPartCurvesActionBase	S3	4919	929	1068
star.battery.actions.AssignPartsToModuleCellsAction	S3	4606	848	985
star.starice.StarIceRegionDataManager	S3	5231	1080	1143
star.cadmodeler.ui.AuxiliarySceneHideFaceAction	S3	4771	888	1028
star.combustion.sparkignition.IssimSecondaryBreakdownVoltageOption.Type	S3	4194	838	901
star.cadmodeler.ui.CreateSplitFacesByOffsetEdgesActionBase	S3	6038	1161	1320
star.eulerianmultiphaseturb.ui.VelocityCrossCorrelationCoefficientMethodManagerNode	S3	6033	1195	1359
star.cosimulation.link.common.TractionExportOption	S3	4931	998	1066
star.delaunaymesher.VolumeControlDelaunaySizeOption	S3	5019	1047	1097
star.coremodule.actions.SceneUndoViewAction	S3	4250	779	916
star.fea.common.solvers.ui.HypreRelaxationSolverNode	S3	5546	1158	1310
star.vis.ui.RemoveActorAction	S3	4178	763	900
star.lagrangian.InjectorParticleFlowRate	S3	5068	1004	1075
star.meshing.ui.PartCurvesCreatorControlsManagerNode.NewControlAction	S3	4193	789	927
star.common.ui.DataSetWeightingChannelBaseNode	S3	5620	1160	1288
star.cadmodeler.ui.ImportSketch2DAction	S3	5537	1065	1227
star.coremodule.actions.CreatePointDerivedDerivedDataAction	S3	4392	797	934
star.material.SinglePhaseLiquidModel	S3	4777	946	1003
star.common.FluidFilmMultiphaseModel	S3	5959	1212	1291
star.morpher.GuideSurfaceFileSettings	S3	4974	1025	1066
star.quickobjects.QuickGeometryObjectGroup	S3	5766	1165	1225
star.sph.ui.SphMultiphaseSolverNode	S3	5966	1242	1390
star.battery.cellproperty.builders.detailed.TabSidePositionOption	S3	5558	1118	1185
star.cadmodeler.DeleteBodyFeaturePreview	S3	5016	994	1058
star.lagrangian.InjectorMassFlux	S3	4254	876	943
star.common.ui.InternalTableNode	S3	6330	1280	1437
star.electroniccooling.actions.EditLibraryQuickPartAction	S3	5108	953	1096
star.base.report.FieldDFTMonitorWindowTypeOption	S3	4883	1000	1064
star.electromagnetism.common.CurrentDirectionSpecification	S3	5398	1058	1112
star.battery.cellproperty.models.iet.liionspiral.distributed.LiIonSpiralDistributed3DModel	S3	5258	1105	1179
star.mapping.ui.TableTargetSpecificationNode	S3	6451	1273	1427
star.combustion.FlameAreaDensityIgnitor	S3	5026	1035	1098
star.reactions.ElectronExcitationEnergyLoss	S3	4982	1000	1046
star.walldistance.BoundaryDistanceModel	S3	5889	1143	1219
star.meshing.SurfaceRepBoundaryManager	S3	5527	1117	1173
star.combustion.surfacechemistry.ui.DeleteBulkMixtureAction	S3	4555	844	983
star.vis.RayTraceEmissiveMaterial	S3	6221	1301	1386
star.battery.cellproperty.electrolyte.SolventElectroactiveOption	S3	5508	1134	1189
star.mapping.ui.BoundarySamplesDataMapperNode	S3	5984	1214	1371
star.coremodule.actions.MonitorsAction	S3	4660	856	998
star.cadmodeler.ReferencePlaneFromSurfacePreview	S3	4451	896	945
star.combustion.polymerization.PolymerScalarManager	S3	6209	1240	1314
star.cadmodeler.ui.CreateBodyGroupCircularPatternCutSceneAction	S3	5885	1116	1282
star.combustion.fgm.TurbulentSchmidtNumberProgressVariableVarianceProperty	S3	5504	1111	1173
star.combustion.CumulativeChemistryElapsedTimeReport	S3	6467	1283	1351
star.quickobjects.actions.QuickGeometryObjectActionManager	S3	4603	856	877
star.cadmodeler.PointSketchPrimitive3DOnSketch3DCurve	S3	6342	1322	1398
star.battery.cellproperty.internals.InternalsComponent	S3	5326	1072	1132
star.harmonicbalance.EffectiveViscosityHarmonicTimeFunction	S3	5867	1181	1229
star.coremodule.ui.treeselector.SelectorModelManager	S3	5284	973	1024
star.combustion.ui.AlwaysActivatorNode	S3	5800	1175	1334
star.base.report.CustomBands	S3	5487	1148	1205
star.common.graph.ui.SubsetDrawDataManagerBaseNode	S3	5582	1159	1299
star.cadmodeler.WireSketchPrimitive	S3	4285	837	887
star.quickobjects.QuickDerivedDataPointProbe	S3	5045	1027	1082
star.cadmodeler.ui.BRepToFacetActionBase	S3	6082	1173	1335
star.electropainting.InitialPaintElectricalResistanceAreaProfile	S3	4463	892	955
star.common.InterfaceMultithreadingOption	S3	4847	972	1034
star.windshield.DeIcingSolver	S3	4529	928	984
star.common.TypedObjectManager	S3	5838	1198	1258
star.circuit.ScalarCircuitElement	S3	5894	1170	1221
star.fea.properties.BeamTrapezoidalBoxSection	S3	4579	944	990
star.battery.ui.BatteryEnergySourceNode	S3	5762	1167	1304
star.cosimulation.reactingchannel.ReactingChannel1DModel	S3	4800	977	1035
star.electromagnetism.magneticpotential.LinearPermanentMagnetGeneralModel	S3	4499	913	973
star.eulerianmultiphasemasstransfer.DissolutionMassTransferRateModel	S3	5267	1062	1132
star.combustion.fgm.FgmMultipleHlrSpecificHeatMethod	S3	4561	942	995
star.combustion.surfacechemistry.ui.SurfaceArrheniusCoefficientsNode	S3	6015	1234	1387
star.cadmodeler.ui.UpdateModelUptoAction	S3	6448	1231	1388
star.timefreqcoupling.TimeFrequencyCouplingMethod	S3	4980	1006	1067
star.reactions.ElectrochemistryPotentialReactionType	S3	4591	927	972
star.meshing.ui.MeshPartDescriptionSourceNode	S4	7451	1467	1646
star.vis.ui.SceneNode	S4	11268	2239	2464
star.energy.HxActualFlowVolumetricUALTableEvalLeaf	S4	10165	2192	2289
star.cadmodeler.vis.SelectEdgesSketchPrimitivesState	S4	8432	1772	1863
star.reactions.SurfaceMechanismPhaseManager	S4	9437	1868	2018
star.base.report.OversetInterfaceReport	S4	7183	1410	1484
star.mdx.ui.MdxResourceManagerNode	S4	7705	1560	1734
star.combustion.ui.NumericalIgnitorNode	S4	7592	1533	1703
star.cadmodeler.CadPredicateEditor	S4	10880	2159	2274
star.combustion.surfacechemistry.SurfaceArrheniusCoefficientsBase	S4	7474	1482	1552
star.common.ui.StarIntegerField	S4	11748	2410	2567
star.vis.ui.ColorPaletteNode	S4	8639	1742	1914
star.base.report.MinMaxReportBase	S4	10043	1968	2060
star.coremodule.ui.EditViewPanel	S4	8682	1771	1874
star.cadmodeler.ui.ChamferNode	S4	6863	1407	1590
star.combustion.agglomeration.AgglomerationComponentManager	S4	7261	1454	1517
star.modalharmonic.ui.NormalModesRepresentationNode	S4	8024	1564	1743
star.combustion.IgnitorManager	S4	6960	1421	1486
star.flow.BackflowSpecification	S4	6943	1394	1449
star.vis.ui.IsoValueNode	S4	6587	1360	1519
star.mdx.ui.tables.MdxStudyDialogPanel	S4	10812	2246	2366
star.sixdof.ContinuumBody	S4	8457	1709	1790
star.base.query.ManagerWithQuery	S4	7156	1440	1536
star.acoustics.modalanalysis.UserFlameTransferFunction	S4	8328	1731	1805
star.mapping.ParcelDataMapper	S4	9035	1808	1930
star.common.ui.UserFieldFunctionNode	S4	7747	1533	1710
star.base.report.ui.DataSetFunctionManagerNode	S4	6957	1413	1567
star.firesmoke.ui.OpenBarrierListRenderer	S4	9851	2009	2137
star.thermalcomfort.FialaHypothalamusTemperatureReport	S4	6831	1369	1463
star.meshing.ui.SurfaceMeshWidgetGlobalPanel	S4	10090	2082	2245
star.extruder.SurfaceExtruderDirection	S4	6593	1290	1378
star.viscous.ViscousFilmCastingModel	S4	6759	1368	1453
star.mdx.MdxDataSetSizeChannel	S4	7835	1642	1689
star.starice.ui.StarIceQPSValuesEditor	S4	8254	1722	1828
star.combustion.ppdftable.PpdfEquilibriumTable	S4	7541	1588	1649
star.vdm.VirtualDiskReport	S4	6845	1347	1421
star.cadmodeler.ui.CadColorPanel	S4	9268	1875	1992
star.sweptmesher.ui.DirectedCadTemplateSourceMeshNode	S4	6886	1408	1570
star.combustion.ui.LaminarFlameThicknessOptionsNode	S4	6530	1335	1498
star.resurfacer.SurfaceGrowthRate	S4	6720	1353	1416
star.cosimulation.common.ui.ExportValueSpecificationManagerNode	S4	7179	1400	1565
star.common.SimulationPartManager	S4	7904	1566	1632
star.radiation.pmc.S2sPMCRtPhysicsSolver	S4	8751	1892	1961
star.mapping.PostMapOperationOnFieldFunction	S4	6640	1304	1396
star.combustion.ui.FluidStreamNode	S4	6780	1369	1549
star.common.OversetDirectionSpecification	S4	7433	1461	1591
star.base.neo.NeoFileUtils	S4	8739	1734	1788
star.common.ui.CompositeArrayVectorProfileMethodNode	S4	7081	1392	1545
star.cadmodeler.vis.SelectSketchesState	S4	9124	1905	1991
star.cadmodeler.ui.PatternFeatureSkipOptionsPanel	S4	10462	2154	2319
star.cadmodeler.ShellFeature	S4	9524	1951	2050
star.base.report.SpatialFtDataSetFunction	S4	7423	1497	1562
star.coremodule.ui.ImportGeometryDialog.ImportGeometryPanel	S4	9347	1886	2006
star.battery.TabContacts	S4	7282	1470	1587
star.base.report.FieldSnapshotMonitor	S4	7370	1442	1526
star.quickobjects.SphereFeature	S4	6670	1367	1460
star.vis.ui.ActorManagerNode	S4	7808	1572	1750
star.electroniccooling.CustomHeatsinkDefinition	S4	8112	1688	1756
star.lagrangian.InjectorVelocityOption	S4	6997	1361	1511
star.sweptmesher.ui.DirectedMeshPartCollectionManagerNode	S4	7093	1406	1578
star.starice.ui.EditEngineParametersPanel	S4	11586	2410	2618
star.base.report.MonitorIntegralReport	S4	10783	2072	2157
star.surfacewrapper.ui.LeakDetectionActionsPanel	S4	10838	2243	2435
star.mdx.ui.MdxStudyParameterBaseNode	S4	8491	1707	1894
star.battery.RCElement	S4	8004	1634	1767
star.meshing.ui.QueryPartToleranceOptionsPanel	S4	11480	2342	2492
star.flow.FlowAnglesProfile	S4	6814	1322	1375
star.quickobjects.ui.QuickParametersPanel.ParameterValueField	S4	11884	2438	2607
star.vis.ui.ColorControlPoint	S4	10242	2133	2215
star.mdx.ui.tables.MdxSweepHelperPanel	S4	9521	1978	2129
star.cosimulation.link.common.ui.CoSimulationZoneNode	S4	7604	1511	1695
star.metrics.ui.BadCellCriterionNode	S4	6920	1385	1571
star.base.report.ui.CrossCorrelationFilterDataSetFunctionNode	S4	8074	1585	1763
star.cadmodeler.CanonicalSketchPlane	S4	7897	1651	1765
star.mdx.ui.MdxDesignSeedNode	S4	7708	1562	1744
star.coremodule.comparetool.ComparisonResults	S4	6783	1220	1305
star.quickobjects.ui.QuickSceneDrawableItemNode	S4	7148	1435	1613
star.common.ManagerWithFilterModel	S4	7457	1513	1578
star.material.ui.ComplexTableMaterialPropertyMethodNode	S4	6675	1329	1477
star.common.MixingPlaneConnectivityOption	S4	7047	1415	1550
star.lagrangian.dem.InjectorParticlePackingOption	S4	6547	1287	1474
star.common.CompositeCoordinateProfileMethod	S4	6581	1274	1331
star.battery.ThermalRunawayHeatReleaseModelDescription	S4	7987	1616	1710
star.flow.SkinFrictionCoefficientFunction	S4	7582	1442	1529
star.circuit.ui.CircuitInitialConditionManagerNode	S4	6599	1307	1454
star.cadmodeler.ui.TangentAdjacentFacesBoundaryConditionAction	S4	6599	1229	1401
star.vis.BoxWidgetCso	S4	9196	1875	2019
star.sweptmesher.ui.RotationalSweepCoarseningNode	S4	8277	1703	1893
star.fea.common.solvers.MumpsDirectPreconditionerBase	S4	7008	1362	1437
star.electromagnetism.magneticpotential.fem.HarmonicBalanceFeMagneticVectorPotentialSolver	S4	7135	1411	1474
star.electroniccooling.actions.ECadOdbImportAction	S4	6614	1264	1463
star.base.report.ui.DerivedDataViewFDSpectraNode	S4	7956	1688	1876
star.base.report.ui.FilterDataSetFunctionNode	S4	7244	1442	1599
star.vis.ui.ScalarWarpSurfaceNode	S4	6524	1332	1497
star.lagrangian.lagrangianpassivescalar.LagrangianPassiveScalarUserSourceOption	S4	6607	1352	1436
star.common.ui.BoundaryNode	S4	10292	2050	2241
star.common.ui.SolverStoppingCriterionManagerNode	S4	8065	1577	1797
star.base.report.ui.MonitorManagerNode	S4	7452	1483	1655
star.cadmodeler.ui.ReferenceCoordinateSystemByTransformationNode	S4	7102	1406	1571
star.meshing.ui.DNDTaskPane	S4	9970	2063	2227
star.vis.HighlightDisplayer	S5	26305	5377	5721
star.cadmodeler.ui.CreateNewBodyGroupPanel	S5	18131	3773	4109
star.starice.ui.InjectorNozzleEditPanel	S5	12361	2576	2812
star.cadmodeler.SweepMerge	S5	12512	2669	2932
star.common.ui.SolutionExporterFileChooser	S5	12954	2616	2859
star.mdx.ui.MdxSurrogateResidualView	S5	13862	2766	2928
star.cadmodeler.BodyPatternAlongPath	S5	17432	3545	3762
star.meshing.ui.PatchFillerOptionsPanel	S5	12323	2531	2752
star.vis.ui.WarpCreatePanel	S5	14190	2923	3179
star.meshing.ui.SurfaceMeshWidgetSetsPanel	S5	12886	2656	2943
star.meshing.ui.SurfaceMeshWidgetRepairButtons.CreateQuadButton	S5	12679	2613	2845
star.meshing.geometryrepair.ui.GeometryRepairWidgetRepairButtons.SelectiveRepairButton	S5	12083	2456	2698
star.coremodule.ui.ExportEnvironmentMapFileChooser	S5	12888	2593	2816
star.meshing.ui.SurfaceMeshWidgetRepairButtons.PatchFillerButton	S5	13461	2776	3010
star.meshing.ui.SurfaceMeshWidgetRepairButtons.UndoButton	S5	13113	2696	2932
star.meshing.SimpleSpherePart	S5	12630	2622	2774
star.starice.StarIceAutoTimestepSettingsValve	S5	15606	3239	3465
star.meshing.ui.SurfaceMeshWidgetDisplayButtons.ShrinkDisplayedFacesButton	S5	12775	2635	2866
star.coremodule.ui.StarExplorerPanel	S5	14973	2988	3259
star.meshing.geometryrepair.ui.GeometryRepairWidgetSelectButtons.SelectZoneButton	S5	12038	2447	2674
star.meshing.ui.SurfaceDiagnosticsPanel	S5	13945	2776	3034
star.common.ui.RemoveInvalidCellsEditorPanel	S5	12412	2554	2767
star.meshing.ui.SurfaceMeshWidgetIconButton	S5	15379	3132	3382
star.common.RegionManager	S5	20155	3930	4095
star.mdx.MdxSurrogate	S5	17082	3670	3870
star.cadmodeler.ImportCadFileFeature	S5	19592	4174	4379
star.meshing.RepairQueryPredicateEditorTree	S5	14367	2987	3235
star.common.AdjointSolver	S5	13428	2657	2715
star.electroniccooling.ui.EnclosurePanel	S5	15588	3298	3601
star.meshing.ui.SurfaceMeshWidgetBrowseButtons.LastBrowseButton	S5	12675	2612	2838
star.meshing.ui.CustomMeshControlSelectPartSurfacesPanel	S5	12947	2686	2917
star.cadmodeler.ui.CoordinateTransformBodyPanel	S5	19188	3932	4278
star.vis.VectorDisplayer	S5	20268	4132	4365
star.common.ui.DoubleWithUnitsField	S5	20288	4174	4397
star.post.SolutionHistory	S5	17645	3411	3728
star.vis.SceneStyleDefaults	S5	22160	4444	4569
star.cadmodeler.ui.CreateBodyTessellationPanel	S5	14191	2943	3180
star.vis.ui.CellSurfaceCreatePanel	S5	13653	2814	3038
star.cadmodeler.ui.CadModelCoordinateField	S5	15387	3081	3307
star.cadmodeler.ui.CreateNamedEdgesColorPanel	S5	14697	3048	3286
star.cadmodeler.ui.ReferenceCoordinateSystemByImportPanel	S5	17188	3523	3818
star.meshing.ui.SurfaceMeshWidgetDebugButtons.AddSelectedToRangeButton	S5	13667	2797	3027
star.automation.RemoveInvalidCellsAutomationBlock	S5	15411	3179	3252
star.cadmodeler.vis.FreeFormSelectState	S5	13761	2871	3013
star.common.expression.ExpressionLexer	S5	18054	3904	4480
star.mdx.ui.MdxDesignSetView	S5	13593	2730	2888
star.cadmodeler.ui.CreateGeneralSelectionPanel	S5	13607	2772	2994
star.common.ui.StarDoubleField	S5	13516	2757	2934
star.starice.ui.SectorCylinderPanel	S5	15005	3230	3534
star.starice.ui.EditReitzDiwakarPanel	S5	12318	2617	2846
star.cadmodeler.CoordinateTransformBodyFeature	S5	14048	2786	2941
star.meshing.SurfaceMeshWidgetRepairController	S5	17479	3516	3686
star.meshing.ui.SurfaceMeshWidgetQueryButtons.TestButton	S5	13419	2748	2978
star.cadmodeler.ui.BrowserResultTableButton	S5	13738	2830	3063
star.coupledflow.CoupledFlowModel	S5	15621	3233	3372
star.base.report.DerivedDataManager	S5	12981	2709	2825
star.electroniccooling.idf.ui.IDFExtrudedChipPanel	S5	13850	2922	3143
star.meshing.ui.ImportDbsPartPanel	S5	12273	2542	2725
star.meshing.ui.SurfaceMeshWidgetRepairButtons.ZipEdgesButton	S5	13149	2701	2939
star.common.ValueInplaceEditor	S5	13828	2804	3024
star.vis.ui.StreamlineEditorPanel	S5	14602	3038	3285
star.quickobjects.ui.ExportQuickPartToLibraryPanel	S5	12589	2602	2844
star.coremodule.services.ImportSettings	S5	12286	2646	2854
star.cadmodeler.ui.BodyFeatureSelectionWidgetPanel	S5	18270	3764	4062
star.quickobjects.ui.QuickPartPhysicsPanel	S5	14356	2924	3114
star.cadmodeler.ui.Sketch3DEquationBasedCurvePanel	S5	14096	2986	3204
star.quickobjects.ui.QuickSolverSettingsPanel	S5	14070	2941	3187
star.coremodule.comparetool.ui.ComparisonResultsView	S5	13014	2666	2901
star.meshing.ui.SurfaceMeshWidgetRepairButtons.SplitQuadButton	S5	12670	2613	2845
star.electroniccooling.ui.GenericCylinderPartPanel	S5	14185	2957	3216
star.starice.ui.StarIceProfilePanel	S5	18375	3894	4096
star.common.ScalarAndVectorFieldFunctionPresenterMenuCreator.NonCoordinateSystemSupportingPresenterItem	S5	12577	2535	2772
star.coremodule.ui.RegionsComboBox	S5	12421	2547	2645
star.vis.SceneBase	S5	28221	5581	5828
star.segregatedmultiphase.SegregatedMultiPhaseModel	S5	12449	2455	2550
star.firesmoke.ui.FireSmokePanel	S5	16288	3379	3582
star.starice.StarIcePhysicsManager	S5	25163	5134	5295
star.common.ui.DerivedDataMultiSelector	S5	12539	2476	2642
star.vis.ui.ControlPointWidget	S5	18762	3744	3884
star.common.RepresentationManager	S5	12483	2411	2524
star.meshing.ui.SurfaceMeshWidgetDisplayButtons.ToggleReferenceElementsDepthButton	S5	12847	2631	2857
star.meshing.ui.SurfaceMeshWidgetQueryButtons.FaceAreaButton	S5	12655	2613	2839
star.cadmodeler.SplitFacesByEdgeProjection	S5	13052	2574	2714
star.common.validation.ValidationTab	S5	12819	2622	2835
star.cadmodeler.ui.CreateCenterPointRectangleSketchEntityButton	S5	12033	2437	2661
star.quickobjects.ui.QuickSceneObjectEditPanel	S5	12170	2527	2737
star.meshing.AutoMeshOperation	S5	13401	2745	2863
star.quickobjects.ui.CadBodyPanel	S5	13687	2827	3088
star.meshing.ui.SurfaceMeshWidgetBrowseButtons.NextBrowseButton	S5	12675	2612	2838
star.meshing.ui.SurfaceMeshWidgetDebugStatePanel	S5	17340	3588	3917
star.battery.cellproperty.models.electrolyte.conductivity.GeneralElectrolyteConductivityCustomOption	S5	19330	5404	6008
star.meshing.ui.SurfaceMeshWidgetDisplayButtons.HideSelectedFacesButton	S5	12748	2622	2848
star.automation.ui.SimDriverWorkflowValidationTab	S5	14650	2997	3238
star.coremodule.ui.LocalizedVerticalList	S5	12611	2528	2664
star.mdx.ui.tables.MdxSurrogateResidualTablePanel.MdxSurrogateResidualTable	S5	19561	4163	4441
star.cosimulation.reactingchannel.ReactingChannelDataSet	S5	12476	2679	2824
star.vis.StudioMaterial	S5	20832	4609	4805
star.electroniccooling.ui.CompactHeatsinkPanel	S5	13773	2888	3118
star.cadmodeler.ui.CreateFilletPanel	S5	18985	3946	4242
star.cadmodeler.ui.FreeFormBoundaryConditionsPanel	S5	13444	2841	3112
star.base.neo.NeoGui	S6	41696	8131	8421
star.cadmodeler.AssemblyConstraintFeature	S6	31464	6237	6423
star.cadmodeler.CadModel	S6	105284	21715	22442
star.cadmodeler.FeatureManager	S6	80474	16880	17851
star.cadmodeler.Sketch	S6	106133	20828	22878
star.cadmodeler.Sketch3D	S6	80207	18282	19695
star.cadmodeler.SolidModelManager	S6	44078	9315	9503
star.cadmodeler.ui.CreateExtrusionPanel	S6	30169	6156	6746
star.cadmodeler.ui.CreateFeaturePanel	S6	39733	7834	8351
star.cadmodeler.ui.CreateSweepPanel	S6	33406	6763	7355
star.cadmodeler.vis.SelectTopologicalEntityState	S6	46218	9654	10144
star.common.expression.ExpressionParser	S6	30862	6077	7108
star.common.expression.ExpressionParserBaseVisitor	S6	58906	10867	11466
star.common.expression.ExpressionParserVisitor	S6	40857	7468	7954
star.common.FilterModel	S6	109296	20248	20656
star.common.ImportManager	S6	41902	8667	8940
star.common.PartManager	S6	56494	11631	12071
star.common.RGBColors	S6	51815	11675	13098
star.common.StarPlot	S6	31909	6363	6553
star.common.StarSettings	S6	38680	7784	8255
star.coremodule.services.VisSettings	S6	35793	7291	8161
star.electroniccooling.ECoolManager	S6	32616	6639	6812
star.mdx.MdxDesignStudy	S6	46528	9675	10175
star.mdx.MdxDesignStudyManager	S6	30752	6427	6714
star.mdx.MdxScene	S6	30844	6067	6257
star.meshing.MeshPart	S6	32203	6803	6972
star.meshing.PartImportManager	S6	122083	25623	26310
star.meshing.SurfaceMeshWidgetSelectController	S6	38542	8160	8493
star.meshing.ui.SurfaceMeshWidgetMergeImprintPanelBase	S6	33251	7153	8183
star.speed.parser.GDFData	S6	109140	28058	29142
star.vis.Scene	S6	67562	13563	14302
star.vis.SceneManager	S6	30176	5999	6242
star.vis.StudioScene	S6	34954	6935	7202
